{"cameraMode":{"drawMode":0,"name":"Shaded","section":"Shading Mode"},"sceneLighting":true,"audioPlay":false,"sceneViewState":{"m_AlwaysRefresh":false,"showFog":true,"showSkybox":true,"showFlares":true,"showImageEffects":true,"showParticleSystems":true,"showVisualEffectGraphs":true,"m_FxEnabled":true},"in2DMode":false,"pivot":{"x":-8.223401069641114,"y":23.762292861938478,"z":-31.336240768432618},"rotation":{"x":0.032413553446531299,"y":0.5369454622268677,"z":-0.020598329603672029,"w":0.8428433537483215},"size":2.6905694007873537,"orthographic":false}