{"cameraMode":{"drawMode":0,"name":"Shaded","section":"Shading Mode"},"sceneLighting":false,"audioPlay":false,"sceneViewState":{"m_AlwaysRefresh":false,"showFog":true,"showSkybox":false,"showFlares":true,"showImageEffects":true,"showParticleSystems":true,"showVisualEffectGraphs":true,"m_FxEnabled":true},"in2DMode":false,"pivot":{"x":85.84339904785156,"y":110.19611358642578,"z":32.02742385864258},"rotation":{"x":0.0008323417278006673,"y":-0.3344898819923401,"z":-0.000313078606268391,"w":-0.9424893260002136},"size":0.8660253882408142,"orthographic":false}