{"cameraMode":{"drawMode":0,"name":"Shaded","section":"Shading Mode"},"sceneLighting":false,"audioPlay":false,"sceneViewState":{"m_AlwaysRefresh":false,"showFog":true,"showSkybox":false,"showFlares":true,"showImageEffects":true,"showParticleSystems":true,"showVisualEffectGraphs":true,"m_FxEnabled":true},"in2DMode":false,"pivot":{"x":0.9700002670288086,"y":18.360000610351564,"z":-1.6800000667572022},"rotation":{"x":0.13575756549835206,"y":0.07002542912960053,"z":-0.009632386267185212,"w":0.9883026480674744},"size":12.12435531616211,"orthographic":false}